{"cameraMode":{"drawMode":0,"name":"Shaded","section":"Shading Mode"},"sceneLighting":true,"audioPlay":false,"sceneViewState":{"showFog":true,"showMaterialUpdate":false,"showSkybox":true,"showFlares":true,"showImageEffects":true,"showParticleSystems":true},"in2DMode":false,"pivot":{"x":-3.7802982330322267,"y":4.631199836730957,"z":1.5673608779907227},"rotation":{"x":-0.24875494837760926,"y":-0.3377298414707184,"z":0.09303700178861618,"w":-0.9029970765113831},"size":68.25717163085938,"orthographic":false}